{
    "loss": 5.596365928649902,
    "accuracy": 0.5035971403121948
}