{
    "loss": 2.2140400409698486,
    "accuracy": 0.568345308303833
}